SET NAMES UTF8;
USE zhw;
#游戏账号分类
DROP TABLE IF EXISTS zhw_game_classify;
CREATE TABLE zhw_game_classify(
	game_family_id INT PRIMARY KEY AUTO_INCREMENT,
	classify_img VARCHAR(128),#游戏分类账号图片
	game_names VARCHAR(128) #游戏名
);
INSERT INTO zhw_game_classify VALUES
(1001,"zuhao/5a780c8777df8.png","穿越火线"),
(1002,"zuhao/5a780ca32ea18.png","英雄联盟"),
(1003,"zuhao/5a780c70cbdb8.png","绝地求生"),
(1004,"zuhao/5a780ced79568.png",null),
(1005,"zuhao/5a780ce083d60.png","王者荣耀"),
(1006,"zuhao/5a790fda28d63.png",null),
(1007,"zuhao/5a780cd022ab0.png",null),
(1008,"zuhao/5a7ad0ad25b75.png",null),
(1009,"zuhao/5a7ad0df04775.png",null),
(1010,"zuhao/5a9520fe02cd7.png",null),
(1011,"zuhao/5a7ad0c57d460.png",null),
(1012,"zuhao/5a7ad0fd7caab.png",null),
(1013,"zuhao/5a780c979a0d8.png",null),
(1014,"zuhao/5a7ad1223d1ed.png",null),
(1015,"zuhao/5a7ad10fd6aa0.png",null),
(1016,"zuhao/5a7ad03259036.png",null),
(1017,"zuhao/5a7ad1410b8c1.png",null),
(1018,"zuhao/5ae2f5a5f1aa4.png",null);

#所有游戏账号
DROP TABLE IF EXISTS zhw_game_account;
CREATE TABLE zhw_game_account(
	game_id INT PRIMARY KEY AUTO_INCREMENT,
	game_overall_img VARCHAR(128),#查询页面游戏总体图片
	game_rent VARCHAR(32),#是否可租
	game_describe VARCHAR(128),#游戏账号描述
	game_server VARCHAR(128),#游戏账号所在服务器
	game_number	INT,#账号出租次数
	game_brand VARCHAR(32),#商标
	game_prices	VARCHAR(32),#租金
	game_hire INT,#押金
	game_starting INT,#起租点
	game_come VARCHAR(32),#立即租用或预约
	collect INT,#收藏次数
	game_family_id INT,
	seek_index VARCHAR(128) #搜索索引
	#FOREIGN KEY(game_family_id) references zhw_game_classify(game_family_id)
);
 
INSERT INTO zhw_game_account VALUES
(1,"zuhao/58eb65cc7987b.jpg","[可租]","绝地求生☆包天包夜10小时最低价★到时不下线 ★吃鸡","绝地求生/全区/全服",173,null,"1.2",0,5,"立即租用/预约",0,1003,"吃鸡绝地求生大逃杀"),	
(2,"zuhao/5b56a1192a62b.jpg","[可租]","370V160全王，全交易所，炫金毁灭，雷神/7幻兽，雅典娜","穿越火线/电信区/江苏一区 ",1087,null,"16.98",0,2,"立即租用/预约",0,1001,"穿越火线神器"),
(3,"zuhao/5b56a1dc9c701.jpg","[可租]","【给密码】贵8❤199皮肤30页铭文❤星空梦想海洋全史诗限定","王者荣耀/安卓系统/QQ账号",552,null,"2.8",10,3,"立即租用/预约",0,1005,"王者荣耀全皮肤框"),
(null,"zuhao/58d63db871d62_2.jpg","[可租]","1050皮丨全年限丨龙瞎丨摄魂vn恐惧諾手丨金靴瞎丨新泳池套","英雄联盟/电信/黑色玫瑰",939,null,"4.9",3,1,"立即租用/预约",0,1002,"英雄联盟全皮肤lol框"),
(null,"zuhao/58eb65cc7987b.jpg","[可租]","绝地求生☆包天包夜10小时最低价★到时不下线 ★吃鸡","绝地求生/全区/全服",173,null,"1.2",0,5,"立即租用/预约",0,1003,"吃鸡绝地求生大逃杀"),
(null,"zuhao/58d63db871d62_2.jpg","[可租]","1050皮丨全年限丨龙瞎丨摄魂vn恐惧諾手丨金靴瞎丨新泳池套","英雄联盟/电信/黑色玫瑰",939,null,"4.9",3,1,"立即租用/预约",0,1002,"英雄联盟全皮肤lol框"),
(null,"zuhao/5b56a1dc9c701.jpg","[可租]","【给密码】贵8❤199皮肤30页铭文❤星空梦想海洋全史诗限定","王者荣耀/安卓系统/QQ账号",552,null,"2.8",10,3,"立即租用/预约",0,1005,"王者荣耀全皮肤框"),
(null,"zuhao/58eb65cc7987b.jpg","[可租]","绝地求生☆包天包夜10小时最低价★到时不下线 ★吃鸡","绝地求生/全区/全服",173,null,"1.2",0,5,"立即租用/预约",0,1003,"吃鸡绝地求生大逃杀"),
(null,"zuhao/58eb65cc7987b.jpg","[可租]","绝地求生☆包天包夜10小时最低价★到时不下线 ★吃鸡","绝地求生/全区/全服",173,null,"1.2",0,5,"立即租用/预约",0,1003,"吃鸡绝地求生大逃杀"),
(null,"zuhao/58d63db871d62_2.jpg","[可租]","1050皮丨全年限丨龙瞎丨摄魂vn恐惧諾手丨金靴瞎丨新泳池套","英雄联盟/电信/黑色玫瑰",939,null,"4.9",3,1,"立即租用/预约",0,1002,"英雄联盟全皮肤lol框"),
(null,"zuhao/5b56a1192a62b.jpg","[可租]","370V160全王，全交易所，炫金毁灭，雷神/7幻兽，雅典娜","穿越火线/电信区/江苏一区 ",1087,null,"16.98",0,2,"立即租用/预约",0,1001,"穿越火线神器"),
(null,"zuhao/58eb65cc7987b.jpg","[可租]","绝地求生☆包天包夜10小时最低价★到时不下线 ★吃鸡","绝地求生/全区/全服",173,null,"1.2",0,5,"立即租用/预约",0,1003,"吃鸡绝地求生大逃杀"),
(null,"zuhao/58eb65cc7987b.jpg","[可租]","绝地求生☆包天包夜10小时最低价★到时不下线 ★吃鸡","绝地求生/全区/全服",173,null,"1.2",0,5,"立即租用/预约",0,1003,"吃鸡绝地求生大逃杀"),
(null,"zuhao/58d63db871d62_2.jpg","[可租]","1050皮丨全年限丨龙瞎丨摄魂vn恐惧諾手丨金靴瞎丨新泳池套","英雄联盟/电信/黑色玫瑰",939,null,"4.9",3,1,"立即租用/预约",0,1002,"英雄联盟全皮肤lol框"),
(null,"zuhao/58eb65cc7987b.jpg","[可租]","绝地求生☆包天包夜10小时最低价★到时不下线 ★吃鸡","绝地求生/全区/全服",173,null,"1.2",0,5,"立即租用/预约",0,1003,"吃鸡绝地求生大逃杀"),
(null,"zuhao/58eb65cc7987b.jpg","[可租]","绝地求生☆包天包夜10小时最低价★到时不下线 ★吃鸡","绝地求生/全区/全服",173,null,"1.2",0,5,"立即租用/预约",0,1003,"吃鸡绝地求生大逃杀"),
(null,"zuhao/58d63db871d62_2.jpg","[可租]","1050皮丨全年限丨龙瞎丨摄魂vn恐惧諾手丨金靴瞎丨新泳池套","英雄联盟/电信/黑色玫瑰",939,null,"4.9",3,1,"立即租用/预约",0,1002,"英雄联盟全皮肤lol框"),
(null,"zuhao/58eb65cc7987b.jpg","[可租]","绝地求生☆包天包夜10小时最低价★到时不下线 ★吃鸡","绝地求生/全区/全服",173,null,"1.2",0,5,"立即租用/预约",0,1003,"吃鸡绝地求生大逃杀"),
(null,"zuhao/58eb65cc7987b.jpg","[可租]","绝地求生☆包天包夜10小时最低价★到时不下线 ★吃鸡","绝地求生/全区/全服",173,null,"1.2",0,5,"立即租用/预约",0,1003,"吃鸡绝地求生大逃杀"),
(null,"zuhao/58d63db871d62_2.jpg","[可租]","1050皮丨全年限丨龙瞎丨摄魂vn恐惧諾手丨金靴瞎丨新泳池套","英雄联盟/电信/黑色玫瑰",939,null,"4.9",3,1,"立即租用/预约",0,1002,"英雄联盟全皮肤lol框"),
(null,"zuhao/58eb65cc7987b.jpg","[可租]","绝地求生☆包天包夜10小时最低价★到时不下线 ★吃鸡","绝地求生/全区/全服",173,null,"1.2",0,5,"立即租用/预约",0,1003,"吃鸡绝地求生大逃杀"),
(null,"zuhao/5b56a1dc9c701.jpg","[可租]","【给密码】贵8❤199皮肤30页铭文❤星空梦想海洋全史诗限定","王者荣耀/安卓系统/QQ账号",552,null,"2.8",10,3,"立即租用/预约",0,1005,"王者荣耀全皮肤框"),
(null,"zuhao/5b56a1dc9c701.jpg","[可租]","【给密码】贵8❤199皮肤30页铭文❤星空梦想海洋全史诗限定","王者荣耀/安卓系统/QQ账号",552,null,"2.8",10,3,"立即租用/预约",0,1005,"王者荣耀全皮肤框"),
(null,"zuhao/58eb65cc7987b.jpg","[可租]","绝地求生☆包天包夜10小时最低价★到时不下线 ★吃鸡","绝地求生/全区/全服",173,null,"1.2",0,5,"立即租用/预约",0,1003,"吃鸡绝地求生大逃杀"),
(null,"zuhao/58d63db871d62_2.jpg","[可租]","1050皮丨全年限丨龙瞎丨摄魂vn恐惧諾手丨金靴瞎丨新泳池套","英雄联盟/电信/黑色玫瑰",939,null,"4.9",3,1,"立即租用/预约",0,1002,"英雄联盟全皮肤lol框"),
(null,"zuhao/58eb65cc7987b.jpg","[可租]","绝地求生☆包天包夜10小时最低价★到时不下线 ★吃鸡","绝地求生/全区/全服",173,null,"1.2",0,5,"立即租用/预约",0,1003,"吃鸡绝地求生大逃杀"),
(null,"zuhao/58eb65cc7987b.jpg","[可租]","绝地求生☆包天包夜10小时最低价★到时不下线 ★吃鸡","绝地求生/全区/全服",173,null,"1.2",0,5,"立即租用/预约",0,1003,"吃鸡绝地求生大逃杀"),
(null,"zuhao/5b56a1dc9c701.jpg","[可租]","【给密码】贵8❤199皮肤30页铭文❤星空梦想海洋全史诗限定","王者荣耀/安卓系统/QQ账号",552,null,"2.8",10,3,"立即租用/预约",0,1005,"王者荣耀全皮肤框"),
(null,"zuhao/5b56a1192a62b.jpg","[可租]","370V160全王，全交易所，炫金毁灭，雷神/7幻兽，雅典娜","穿越火线/电信区/江苏一区 ",1087,null,"16.98",0,2,"立即租用/预约",0,1001,"穿越火线神器"),
(null,"zuhao/5b56a1192a62b.jpg","[可租]","370V160全王，全交易所，炫金毁灭，雷神/7幻兽，雅典娜","穿越火线/电信区/江苏一区 ",1087,null,"16.98",0,2,"立即租用/预约",0,1001,"穿越火线神器"),
(null,"zuhao/58d63db871d62_2.jpg","[可租]","1050皮丨全年限丨龙瞎丨摄魂vn恐惧諾手丨金靴瞎丨新泳池套","英雄联盟/电信/黑色玫瑰",939,null,"4.9",3,1,"立即租用/预约",0,1002,"英雄联盟全皮肤lol框"),
(null,"zuhao/58eb65cc7987b.jpg","[可租]","绝地求生☆包天包夜10小时最低价★到时不下线 ★吃鸡","绝地求生/全区/全服",173,null,"1.2",0,5,"立即租用/预约",0,1003,"吃鸡绝地求生大逃杀"),
(null,"zuhao/5b56a1dc9c701.jpg","[可租]","【给密码】贵8❤199皮肤30页铭文❤星空梦想海洋全史诗限定","王者荣耀/安卓系统/QQ账号",552,null,"2.8",10,3,"立即租用/预约",0,1005,"王者荣耀全皮肤框"),
(null,"zuhao/5b56a1dc9c701.jpg","[可租]","【给密码】贵8❤199皮肤30页铭文❤星空梦想海洋全史诗限定","王者荣耀/安卓系统/QQ账号",552,null,"2.8",10,3,"立即租用/预约",0,1005,"王者荣耀全皮肤框"),
(null,"zuhao/58eb65cc7987b.jpg","[可租]","绝地求生☆包天包夜10小时最低价★到时不下线 ★吃鸡","绝地求生/全区/全服",173,null,"1.2",0,5,"立即租用/预约",0,1003,"吃鸡绝地求生大逃杀"),
(null,"zuhao/58d63db871d62_2.jpg","[可租]","1050皮丨全年限丨龙瞎丨摄魂vn恐惧諾手丨金靴瞎丨新泳池套","英雄联盟/电信/黑色玫瑰",939,null,"4.9",3,1,"立即租用/预约",0,1002,"英雄联盟全皮肤lol框"),
(null,"zuhao/58eb65cc7987b.jpg","[可租]","绝地求生☆包天包夜10小时最低价★到时不下线 ★吃鸡","绝地求生/全区/全服",173,null,"1.2",0,5,"立即租用/预约",0,1003,"吃鸡绝地求生大逃杀"),
(null,"zuhao/58eb65cc7987b.jpg","[可租]","绝地求生☆包天包夜10小时最低价★到时不下线 ★吃鸡","绝地求生/全区/全服",173,null,"1.2",0,5,"立即租用/预约",0,1003,"吃鸡绝地求生大逃杀"),
(null,"zuhao/5b56a1dc9c701.jpg","[可租]","【给密码】贵8❤199皮肤30页铭文❤星空梦想海洋全史诗限定","王者荣耀/安卓系统/QQ账号",552,null,"2.8",10,3,"立即租用/预约",0,1005,"王者荣耀全皮肤框"),
(null,"zuhao/5b56a1192a62b.jpg","[可租]","370V160全王，全交易所，炫金毁灭，雷神/7幻兽，雅典娜","穿越火线/电信区/江苏一区 ",1087,null,"16.98",0,2,"立即租用/预约",0,1001,"穿越火线神器"),
(null,"zuhao/5b56a1192a62b.jpg","[可租]","370V160全王，全交易所，炫金毁灭，雷神/7幻兽，雅典娜","穿越火线/电信区/江苏一区 ",1087,null,"16.98",0,2,"立即租用/预约",0,1001,"穿越火线神器"),
(null,"zuhao/58d63db871d62_2.jpg","[可租]","1050皮丨全年限丨龙瞎丨摄魂vn恐惧諾手丨金靴瞎丨新泳池套","英雄联盟/电信/黑色玫瑰",939,null,"4.9",3,1,"立即租用/预约",0,1002,"英雄联盟全皮肤lol框"),
(null,"zuhao/58eb65cc7987b.jpg","[可租]","绝地求生☆包天包夜10小时最低价★到时不下线 ★吃鸡","绝地求生/全区/全服",173,null,"1.2",0,5,"立即租用/预约",0,1003,"吃鸡绝地求生大逃杀"),
(null,"zuhao/5b56a1dc9c701.jpg","[可租]","【给密码】贵8❤199皮肤30页铭文❤星空梦想海洋全史诗限定","王者荣耀/安卓系统/QQ账号",552,null,"2.8",10,3,"立即租用/预约",0,1005,"王者荣耀全皮肤框"),
(null,"zuhao/5b56a1dc9c701.jpg","[可租]","【给密码】贵8❤199皮肤30页铭文❤星空梦想海洋全史诗限定","王者荣耀/安卓系统/QQ账号",552,null,"2.8",10,3,"立即租用/预约",0,1005,"王者荣耀全皮肤框"),
(null,"zuhao/58eb65cc7987b.jpg","[可租]","绝地求生☆包天包夜10小时最低价★到时不下线 ★吃鸡","绝地求生/全区/全服",173,null,"1.2",0,5,"立即租用/预约",0,1003,"吃鸡绝地求生大逃杀"),
(null,"zuhao/58d63db871d62_2.jpg","[可租]","1050皮丨全年限丨龙瞎丨摄魂vn恐惧諾手丨金靴瞎丨新泳池套","英雄联盟/电信/黑色玫瑰",939,null,"4.9",3,1,"立即租用/预约",0,1002,"英雄联盟全皮肤lol框"),
(null,"zuhao/58eb65cc7987b.jpg","[可租]","绝地求生☆包天包夜10小时最低价★到时不下线 ★吃鸡","绝地求生/全区/全服",173,null,"1.2",0,5,"立即租用/预约",0,1003,"吃鸡绝地求生大逃杀"),
(null,"zuhao/58eb65cc7987b.jpg","[可租]","绝地求生☆包天包夜10小时最低价★到时不下线 ★吃鸡","绝地求生/全区/全服",173,null,"1.2",0,5,"立即租用/预约",0,1003,"吃鸡绝地求生大逃杀"),
(null,"zuhao/5b56a1dc9c701.jpg","[可租]","【给密码】贵8❤199皮肤30页铭文❤星空梦想海洋全史诗限定","王者荣耀/安卓系统/QQ账号",552,null,"2.8",10,3,"立即租用/预约",0,1005,"王者荣耀全皮肤框"),
(null,"zuhao/5b56a1192a62b.jpg","[可租]","370V160全王，全交易所，炫金毁灭，雷神/7幻兽，雅典娜","穿越火线/电信区/江苏一区 ",1087,null,"16.98",0,2,"立即租用/预约",0,1001,"穿越火线神器"),
(null,"zuhao/5b56a1192a62b.jpg","[可租]","370V160全王，全交易所，炫金毁灭，雷神/7幻兽，雅典娜","穿越火线/电信区/江苏一区 ",1087,null,"16.98",0,2,"立即租用/预约",0,1001,"穿越火线神器"),
(null,"zuhao/58d63db871d62_2.jpg","[可租]","1050皮丨全年限丨龙瞎丨摄魂vn恐惧諾手丨金靴瞎丨新泳池套","英雄联盟/电信/黑色玫瑰",939,null,"4.9",3,1,"立即租用/预约",0,1002,"英雄联盟全皮肤lol框"),
(null,"zuhao/5b56a1192a62b.jpg","[可租]","370V160全王，全交易所，炫金毁灭，雷神/7幻兽，雅典娜","穿越火线/电信区/江苏一区 ",1087,null,"16.98",0,2,"立即租用/预约",0,1001,"穿越火线神器"),
(null,"zuhao/5b56a1192a62b.jpg","[可租]","370V160全王，全交易所，炫金毁灭，雷神/7幻兽，雅典娜","穿越火线/电信区/江苏一区 ",1087,null,"16.98",0,2,"立即租用/预约",0,1001,"穿越火线神器"),
(null,"zuhao/58d63db871d62_2.jpg","[可租]","1050皮丨全年限丨龙瞎丨摄魂vn恐惧諾手丨金靴瞎丨新泳池套","英雄联盟/电信/黑色玫瑰",939,null,"4.9",3,1,"立即租用/预约",0,1002,"英雄联盟全皮肤lol框"),
(null,"zuhao/5b56a1192a62b.jpg","[可租]","370V160全王，全交易所，炫金毁灭，雷神/7幻兽，雅典娜","穿越火线/电信区/江苏一区 ",1087,null,"16.98",0,2,"立即租用/预约",0,1001,"穿越火线神器"),
(null,"zuhao/5b56a1192a62b.jpg","[可租]","370V160全王，全交易所，炫金毁灭，雷神/7幻兽，雅典娜","穿越火线/电信区/江苏一区 ",1087,null,"16.98",0,2,"立即租用/预约",0,1001,"穿越火线神器"),
(null,"zuhao/58d63db871d62_2.jpg","[可租]","1050皮丨全年限丨龙瞎丨摄魂vn恐惧諾手丨金靴瞎丨新泳池套","英雄联盟/电信/黑色玫瑰",939,null,"4.9",3,1,"立即租用/预约",0,1002,"英雄联盟全皮肤lol框"),
(null,"zuhao/58d63db871d62_2.jpg","[可租]","1050皮丨全年限丨龙瞎丨摄魂vn恐惧諾手丨金靴瞎丨新泳池套","英雄联盟/电信/黑色玫瑰",939,null,"4.9",3,1,"立即租用/预约",0,1002,"英雄联盟全皮肤lol框"),
(null,"zuhao/58d63db871d62_2.jpg","[可租]","1050皮丨全年限丨龙瞎丨摄魂vn恐惧諾手丨金靴瞎丨新泳池套","英雄联盟/电信/黑色玫瑰",939,null,"4.9",3,1,"立即租用/预约",0,1002,"英雄联盟全皮肤lol框"),
(null,"zuhao/58d63db871d62_2.jpg","[可租]","1050皮丨全年限丨龙瞎丨摄魂vn恐惧諾手丨金靴瞎丨新泳池套","英雄联盟/电信/黑色玫瑰",939,null,"4.9",3,1,"立即租用/预约",0,1002,"英雄联盟全皮肤lol框"),
(null,"zuhao/5b56a1192a62b.jpg","[可租]","370V160全王，全交易所，炫金毁灭，雷神/7幻兽，雅典娜","穿越火线/电信区/江苏一区 ",1087,null,"16.98",0,2,"立即租用/预约",0,1001,"穿越火线神器"),
(null,"zuhao/58d63db871d62_2.jpg","[可租]","1050皮丨全年限丨龙瞎丨摄魂vn恐惧諾手丨金靴瞎丨新泳池套","英雄联盟/电信/黑色玫瑰",939,null,"4.9",3,1,"立即租用/预约",0,1002,"英雄联盟全皮肤lol框"),
(null,"zuhao/58d63db871d62_2.jpg","[可租]","1050皮丨全年限丨龙瞎丨摄魂vn恐惧諾手丨金靴瞎丨新泳池套","英雄联盟/电信/黑色玫瑰",939,null,"4.9",3,1,"立即租用/预约",0,1002,"英雄联盟全皮肤lol框"),
(null,"zuhao/5b56a1192a62b.jpg","[可租]","370V160全王，全交易所，炫金毁灭，雷神/7幻兽，雅典娜","穿越火线/电信区/江苏一区 ",1087,null,"16.98",0,2,"立即租用/预约",0,1001,"穿越火线神器"),
(null,"zuhao/5b56a1192a62b.jpg","[可租]","370V160全王，全交易所，炫金毁灭，雷神/7幻兽，雅典娜","穿越火线/电信区/江苏一区 ",1087,null,"16.98",0,2,"立即租用/预约",0,1001,"穿越火线神器"),
(null,"zuhao/5b56a1192a62b.jpg","[可租]","370V160全王，全交易所，炫金毁灭，雷神/7幻兽，雅典娜","穿越火线/电信区/江苏一区 ",1087,null,"16.98",0,2,"立即租用/预约",0,1001,"穿越火线神器"),
(null,"zuhao/5b56a1192a62b.jpg","[可租]","370V160全王，全交易所，炫金毁灭，雷神/7幻兽，雅典娜","穿越火线/电信区/江苏一区 ",1087,null,"16.98",0,2,"立即租用/预约",0,1001,"穿越火线神器"),
(null,"zuhao/5b56a1192a62b.jpg","[可租]","370V160全王，全交易所，炫金毁灭，雷神/7幻兽，雅典娜","穿越火线/电信区/江苏一区 ",1087,null,"16.98",0,2,"立即租用/预约",0,1001,"穿越火线神器"),
(null,"zuhao/5b56a1192a62b.jpg","[可租]","370V160全王，全交易所，炫金毁灭，雷神/7幻兽，雅典娜","穿越火线/电信区/江苏一区 ",1087,null,"16.98",0,2,"立即租用/预约",0,1001,"穿越火线神器"),
(null,"zuhao/5b56a1192a62b.jpg","[可租]","370V160全王，全交易所，炫金毁灭，雷神/7幻兽，雅典娜","穿越火线/电信区/江苏一区 ",1087,null,"16.98",0,2,"立即租用/预约",0,1001,"穿越火线神器"),
(null,"zuhao/5b56a1192a62b.jpg","[可租]","370V160全王，全交易所，炫金毁灭，雷神/7幻兽，雅典娜","穿越火线/电信区/江苏一区 ",1087,null,"16.98",0,2,"立即租用/预约",0,1001,"穿越火线神器"),
(null,"zuhao/5b56a1192a62b.jpg","[可租]","370V160全王，全交易所，炫金毁灭，雷神/7幻兽，雅典娜","穿越火线/电信区/江苏一区 ",1087,null,"16.98",0,2,"立即租用/预约",0,1001,"穿越火线神器"),
(null,"zuhao/5b56a1192a62b.jpg","[可租]","370V160全王，全交易所，炫金毁灭，雷神/7幻兽，雅典娜","穿越火线/电信区/江苏一区 ",1087,null,"16.98",0,2,"立即租用/预约",0,1001,"穿越火线神器"),
(null,"zuhao/5b56a1192a62b.jpg","[可租]","370V160全王，全交易所，炫金毁灭，雷神/7幻兽，雅典娜","穿越火线/电信区/江苏一区 ",1087,null,"16.98",0,2,"立即租用/预约",0,1001,"穿越火线神器"),
(null,"zuhao/5b56a1192a62b.jpg","[可租]","370V160全王，全交易所，炫金毁灭，雷神/7幻兽，雅典娜","穿越火线/电信区/江苏一区 ",1087,null,"16.98",0,2,"立即租用/预约",0,1001,"穿越火线神器"),
(null,"zuhao/58eb65cc7987b.jpg","[可租]","绝地求生☆包天包夜10小时最低价★到时不下线 ★吃鸡","绝地求生/全区/全服",173,null,"1.2",0,5,"立即租用/预约",0,1003,"吃鸡绝地求生大逃杀"),
(null,"zuhao/58eb65cc7987b.jpg","[可租]","绝地求生☆包天包夜10小时最低价★到时不下线 ★吃鸡","绝地求生/全区/全服",173,null,"1.2",0,5,"立即租用/预约",0,1003,"吃鸡绝地求生大逃杀"),
(null,"zuhao/58eb65cc7987b.jpg","[可租]","绝地求生☆包天包夜10小时最低价★到时不下线 ★吃鸡","绝地求生/全区/全服",173,null,"1.2",0,5,"立即租用/预约",0,1003,"吃鸡绝地求生大逃杀"),
(null,"zuhao/58eb65cc7987b.jpg","[可租]","绝地求生☆包天包夜10小时最低价★到时不下线 ★吃鸡","绝地求生/全区/全服",173,null,"1.2",0,5,"立即租用/预约",0,1003,"吃鸡绝地求生大逃杀"),
(null,"zuhao/58eb65cc7987b.jpg","[可租]","绝地求生☆包天包夜10小时最低价★到时不下线 ★吃鸡","绝地求生/全区/全服",173,null,"1.2",0,5,"立即租用/预约",0,1003,"吃鸡绝地求生大逃杀"),
(null,"zuhao/58eb65cc7987b.jpg","[可租]","绝地求生☆包天包夜10小时最低价★到时不下线 ★吃鸡","绝地求生/全区/全服",173,null,"1.2",0,5,"立即租用/预约",0,1003,"吃鸡绝地求生大逃杀"),
(null,"zuhao/58d63db871d62_2.jpg","[可租]","1050皮丨全年限丨龙瞎丨摄魂vn恐惧諾手丨金靴瞎丨新泳池套","英雄联盟/电信/黑色玫瑰",939,null,"4.9",3,1,"立即租用/预约",0,1002,"英雄联盟全皮肤lol框"),
(null,"zuhao/58d63db871d62_2.jpg","[可租]","1050皮丨全年限丨龙瞎丨摄魂vn恐惧諾手丨金靴瞎丨新泳池套","英雄联盟/电信/黑色玫瑰",939,null,"4.9",3,1,"立即租用/预约",0,1002,"英雄联盟全皮肤lol框"),
(null,"zuhao/58d63db871d62_2.jpg","[可租]","1050皮丨全年限丨龙瞎丨摄魂vn恐惧諾手丨金靴瞎丨新泳池套","英雄联盟/电信/黑色玫瑰",939,null,"4.9",3,1,"立即租用/预约",0,1002,"英雄联盟全皮肤lol框"),
(null,"zuhao/58eb65cc7987b.jpg","[可租]","绝地求生☆包天包夜10小时最低价★到时不下线 ★吃鸡","绝地求生/全区/全服",173,null,"1.2",0,5,"立即租用/预约",0,1003,"吃鸡绝地求生大逃杀"),
(null,"zuhao/58eb65cc7987b.jpg","[可租]","绝地求生☆包天包夜10小时最低价★到时不下线 ★吃鸡","绝地求生/全区/全服",173,null,"1.2",0,5,"立即租用/预约",0,1003,"吃鸡绝地求生大逃杀"),
(null,"zuhao/58eb65cc7987b.jpg","[可租]","绝地求生☆包天包夜10小时最低价★到时不下线 ★吃鸡","绝地求生/全区/全服",173,null,"1.2",0,5,"立即租用/预约",0,1003,"吃鸡绝地求生大逃杀"),
(null,"zuhao/58eb65cc7987b.jpg","[可租]","绝地求生☆包天包夜10小时最低价★到时不下线 ★吃鸡","绝地求生/全区/全服",173,null,"1.2",0,5,"立即租用/预约",0,1003,"吃鸡绝地求生大逃杀"),
(null,"zuhao/58eb65cc7987b.jpg","[可租]","绝地求生☆包天包夜10小时最低价★到时不下线 ★吃鸡","绝地求生/全区/全服",173,null,"1.2",0,5,"立即租用/预约",0,1003,"吃鸡绝地求生大逃杀"),
(null,"zuhao/58eb65cc7987b.jpg","[可租]","绝地求生☆包天包夜10小时最低价★到时不下线 ★吃鸡","绝地求生/全区/全服",173,null,"1.2",0,5,"立即租用/预约",0,1003,"吃鸡绝地求生大逃杀"),
(null,"zuhao/58eb65cc7987b.jpg","[可租]","绝地求生☆包天包夜10小时最低价★到时不下线 ★吃鸡","绝地求生/全区/全服",173,null,"1.2",0,5,"立即租用/预约",0,1003,"吃鸡绝地求生大逃杀"),
(null,"zuhao/58eb65cc7987b.jpg","[可租]","绝地求生☆包天包夜10小时最低价★到时不下线 ★吃鸡","绝地求生/全区/全服",173,null,"1.2",0,5,"立即租用/预约",0,1003,"吃鸡绝地求生大逃杀"),
(null,"zuhao/58eb65cc7987b.jpg","[可租]","绝地求生☆包天包夜10小时最低价★到时不下线 ★吃鸡","绝地求生/全区/全服",173,null,"1.2",0,5,"立即租用/预约",0,1003,"吃鸡绝地求生大逃杀"),
(null,"zuhao/58d63db871d62_2.jpg","[可租]","1050皮丨全年限丨龙瞎丨摄魂vn恐惧諾手丨金靴瞎丨新泳池套","英雄联盟/电信/黑色玫瑰",939,null,"4.9",3,1,"立即租用/预约",0,1002,"英雄联盟全皮肤lol框"),
(null,"zuhao/58eb65cc7987b.jpg","[可租]","绝地求生☆包天包夜10小时最低价★到时不下线 ★吃鸡","绝地求生/全区/全服",173,null,"1.2",0,5,"立即租用/预约",0,1003,"吃鸡绝地求生大逃杀"),
(null,"zuhao/58eb65cc7987b.jpg","[可租]","绝地求生☆包天包夜10小时最低价★到时不下线 ★吃鸡","绝地求生/全区/全服",173,null,"1.2",0,5,"立即租用/预约",0,1003,"吃鸡绝地求生大逃杀"),
(null,"zuhao/58d63db871d62_2.jpg","[可租]","1050皮丨全年限丨龙瞎丨摄魂vn恐惧諾手丨金靴瞎丨新泳池套","英雄联盟/电信/黑色玫瑰",939,null,"4.9",3,1,"立即租用/预约",0,1002,"英雄联盟全皮肤lol框"),
(null,"zuhao/58eb65cc7987b.jpg","[可租]","绝地求生☆包天包夜10小时最低价★到时不下线 ★吃鸡","绝地求生/全区/全服",173,null,"1.2",0,5,"立即租用/预约",0,1003,"吃鸡绝地求生大逃杀"),
(null,"zuhao/58eb65cc7987b.jpg","[可租]","绝地求生☆包天包夜10小时最低价★到时不下线 ★吃鸡","绝地求生/全区/全服",173,null,"1.2",0,5,"立即租用/预约",0,1003,"吃鸡绝地求生大逃杀"),
(null,"zuhao/58eb65cc7987b.jpg","[可租]","绝地求生☆包天包夜10小时最低价★到时不下线 ★吃鸡","绝地求生/全区/全服",173,null,"1.2",0,5,"立即租用/预约",0,1003,"吃鸡绝地求生大逃杀"),
(null,"zuhao/58eb65cc7987b.jpg","[可租]","绝地求生☆包天包夜10小时最低价★到时不下线 ★吃鸡","绝地求生/全区/全服",173,null,"1.2",0,5,"立即租用/预约",0,1003,"吃鸡绝地求生大逃杀"),
(null,"zuhao/58eb65cc7987b.jpg","[可租]","绝地求生☆包天包夜10小时最低价★到时不下线 ★吃鸡","绝地求生/全区/全服",173,null,"1.2",0,5,"立即租用/预约",0,1003,"吃鸡绝地求生大逃杀"),
(null,"zuhao/58eb65cc7987b.jpg","[可租]","绝地求生☆包天包夜10小时最低价★到时不下线 ★吃鸡","绝地求生/全区/全服",173,null,"1.2",0,5,"立即租用/预约",0,1003,"吃鸡绝地求生大逃杀"),
(null,"zuhao/58eb65cc7987b.jpg","[可租]","绝地求生☆包天包夜10小时最低价★到时不下线 ★吃鸡","绝地求生/全区/全服",173,null,"1.2",0,5,"立即租用/预约",0,1003,"吃鸡绝地求生大逃杀"),
(null,"zuhao/58eb65cc7987b.jpg","[可租]","绝地求生☆包天包夜10小时最低价★到时不下线 ★吃鸡","绝地求生/全区/全服",173,null,"1.2",0,5,"立即租用/预约",0,1003,"吃鸡绝地求生大逃杀"),
(null,"zuhao/58eb65cc7987b.jpg","[可租]","绝地求生☆包天包夜10小时最低价★到时不下线 ★吃鸡","绝地求生/全区/全服",173,null,"1.2",0,5,"立即租用/预约",0,1003,"吃鸡绝地求生大逃杀"),
(null,"zuhao/58eb65cc7987b.jpg","[可租]","绝地求生☆包天包夜10小时最低价★到时不下线 ★吃鸡","绝地求生/全区/全服",173,null,"1.2",0,5,"立即租用/预约",0,1003,"吃鸡绝地求生大逃杀"),
(null,"zuhao/58d63db871d62_2.jpg","[可租]","1050皮丨全年限丨龙瞎丨摄魂vn恐惧諾手丨金靴瞎丨新泳池套","英雄联盟/电信/黑色玫瑰",939,null,"4.9",3,1,"立即租用/预约",0,1002,"英雄联盟全皮肤lol框"),
(null,"zuhao/58eb65cc7987b.jpg","[可租]","绝地求生☆包天包夜10小时最低价★到时不下线 ★吃鸡","绝地求生/全区/全服",173,null,"1.2",0,5,"立即租用/预约",0,1003,"吃鸡绝地求生大逃杀"),
(null,"zuhao/58eb65cc7987b.jpg","[可租]","绝地求生☆包天包夜10小时最低价★到时不下线 ★吃鸡","绝地求生/全区/全服",173,null,"1.2",0,5,"立即租用/预约",0,1003,"吃鸡绝地求生大逃杀"),
(null,"zuhao/5b56a1dc9c701.jpg","[可租]","【给密码】贵8❤199皮肤30页铭文❤星空梦想海洋全史诗限定","王者荣耀/安卓系统/QQ账号",552,null,"2.8",10,3,"立即租用/预约",0,1005,"王者荣耀全皮肤框"),
(null,"zuhao/5b56a1dc9c701.jpg","[可租]","【给密码】贵8❤199皮肤30页铭文❤星空梦想海洋全史诗限定","王者荣耀/安卓系统/QQ账号",552,null,"2.8",10,3,"立即租用/预约",0,1005,"王者荣耀全皮肤框"),
(null,"zuhao/5b56a1dc9c701.jpg","[可租]","【给密码】贵8❤199皮肤30页铭文❤星空梦想海洋全史诗限定","王者荣耀/安卓系统/QQ账号",552,null,"2.8",10,3,"立即租用/预约",0,1005,"王者荣耀全皮肤框"),
(null,"zuhao/5b56a1dc9c701.jpg","[可租]","【给密码】贵8❤199皮肤30页铭文❤星空梦想海洋全史诗限定","王者荣耀/安卓系统/QQ账号",552,null,"2.8",10,3,"立即租用/预约",0,1005,"王者荣耀全皮肤框"),
(null,"zuhao/5b56a1dc9c701.jpg","[可租]","【给密码】贵8❤199皮肤30页铭文❤星空梦想海洋全史诗限定","王者荣耀/安卓系统/QQ账号",552,null,"2.8",10,3,"立即租用/预约",0,1005,"王者荣耀全皮肤框"),
(null,"zuhao/5b56a1dc9c701.jpg","[可租]","【给密码】贵8❤199皮肤30页铭文❤星空梦想海洋全史诗限定","王者荣耀/安卓系统/QQ账号",552,null,"2.8",10,3,"立即租用/预约",0,1005,"王者荣耀全皮肤框"),
(null,"zuhao/5b56a1dc9c701.jpg","[可租]","【给密码】贵8❤199皮肤30页铭文❤星空梦想海洋全史诗限定","王者荣耀/安卓系统/QQ账号",552,null,"2.8",10,3,"立即租用/预约",0,1005,"王者荣耀全皮肤框"),
(null,"zuhao/5b56a1dc9c701.jpg","[可租]","【给密码】贵8❤199皮肤30页铭文❤星空梦想海洋全史诗限定","王者荣耀/安卓系统/QQ账号",552,null,"2.8",10,3,"立即租用/预约",0,1005,"王者荣耀全皮肤框"),
(null,"zuhao/58d63db871d62_2.jpg","[可租]","1050皮丨全年限丨龙瞎丨摄魂vn恐惧諾手丨金靴瞎丨新泳池套","英雄联盟/电信/黑色玫瑰",939,null,"4.9",3,1,"立即租用/预约",0,1002,"英雄联盟全皮肤lol框"),
(null,"zuhao/5b56a1dc9c701.jpg","[可租]","【给密码】贵8❤199皮肤30页铭文❤星空梦想海洋全史诗限定","王者荣耀/安卓系统/QQ账号",552,null,"2.8",10,3,"立即租用/预约",0,1005,"王者荣耀全皮肤框"),
(null,"zuhao/5b56a1dc9c701.jpg","[可租]","【给密码】贵8❤199皮肤30页铭文❤星空梦想海洋全史诗限定","王者荣耀/安卓系统/QQ账号",552,null,"2.8",10,3,"立即租用/预约",0,1005,"王者荣耀全皮肤框"),
(null,"zuhao/58d63db871d62_2.jpg","[可租]","1050皮丨全年限丨龙瞎丨摄魂vn恐惧諾手丨金靴瞎丨新泳池套","英雄联盟/电信/黑色玫瑰",939,null,"4.9",3,1,"立即租用/预约",0,1002,"英雄联盟全皮肤lol框"),
(null,"zuhao/58d63db871d62_2.jpg","[可租]","1050皮丨全年限丨龙瞎丨摄魂vn恐惧諾手丨金靴瞎丨新泳池套","英雄联盟/电信/黑色玫瑰",939,null,"4.9",3,1,"立即租用/预约",0,1002,"英雄联盟全皮肤lol框"),
(null,"zuhao/58d63db871d62_2.jpg","[可租]","1050皮丨全年限丨龙瞎丨摄魂vn恐惧諾手丨金靴瞎丨新泳池套","英雄联盟/电信/黑色玫瑰",939,null,"4.9",3,1,"立即租用/预约",0,1002,"英雄联盟全皮肤lol框"),
(null,"zuhao/58d63db871d62_2.jpg","[可租]","1050皮丨全年限丨龙瞎丨摄魂vn恐惧諾手丨金靴瞎丨新泳池套","英雄联盟/电信/黑色玫瑰",939,null,"4.9",3,1,"立即租用/预约",0,1002,"英雄联盟全皮肤lol框"),
(null,"zuhao/5b56a1dc9c701.jpg","[可租]","【给密码】贵8❤199皮肤30页铭文❤星空梦想海洋全史诗限定","王者荣耀/安卓系统/QQ账号",552,null,"2.8",10,3,"立即租用/预约",0,1005,"王者荣耀全皮肤框"),
(null,"zuhao/5b56a1dc9c701.jpg","[可租]","【给密码】贵8❤199皮肤30页铭文❤星空梦想海洋全史诗限定","王者荣耀/安卓系统/QQ账号",552,null,"2.8",10,3,"立即租用/预约",0,1005,"王者荣耀全皮肤框"),
(null,"zuhao/5b56a1dc9c701.jpg","[可租]","【给密码】贵8❤199皮肤30页铭文❤星空梦想海洋全史诗限定","王者荣耀/安卓系统/QQ账号",552,null,"2.8",10,3,"立即租用/预约",0,1005,"王者荣耀全皮肤框"),
(null,"zuhao/5b56a1dc9c701.jpg","[可租]","【给密码】贵8❤199皮肤30页铭文❤星空梦想海洋全史诗限定","王者荣耀/安卓系统/QQ账号",552,null,"2.8",10,3,"立即租用/预约",0,1005,"王者荣耀全皮肤框"),
(null,"zuhao/5b56a1dc9c701.jpg","[可租]","【给密码】贵8❤199皮肤30页铭文❤星空梦想海洋全史诗限定","王者荣耀/安卓系统/QQ账号",552,null,"2.8",10,3,"立即租用/预约",0,1005,"王者荣耀全皮肤框"),
(null,"zuhao/5b56a1dc9c701.jpg","[可租]","【给密码】贵8❤199皮肤30页铭文❤星空梦想海洋全史诗限定","王者荣耀/安卓系统/QQ账号",552,null,"2.8",10,3,"立即租用/预约",0,1005,"王者荣耀全皮肤框"),
(null,"zuhao/5b56a1dc9c701.jpg","[可租]","【给密码】贵8❤199皮肤30页铭文❤星空梦想海洋全史诗限定","王者荣耀/安卓系统/QQ账号",552,null,"2.8",10,3,"立即租用/预约",0,1005,"王者荣耀全皮肤框"),
(null,"zuhao/5b56a1dc9c701.jpg","[可租]","【给密码】贵8❤199皮肤30页铭文❤星空梦想海洋全史诗限定","王者荣耀/安卓系统/QQ账号",552,null,"2.8",10,3,"立即租用/预约",0,1005,"王者荣耀全皮肤框"),
(null,"zuhao/58d63db871d62_2.jpg","[可租]","1050皮丨全年限丨龙瞎丨摄魂vn恐惧諾手丨金靴瞎丨新泳池套","英雄联盟/电信/黑色玫瑰",939,null,"4.9",3,1,"立即租用/预约",0,1002,"英雄联盟全皮肤lol框"),
(null,"zuhao/58d63db871d62_2.jpg","[可租]","1050皮丨全年限丨龙瞎丨摄魂vn恐惧諾手丨金靴瞎丨新泳池套","英雄联盟/电信/黑色玫瑰",939,null,"4.9",3,1,"立即租用/预约",0,1002,"英雄联盟全皮肤lol框"),
(null,"zuhao/5b56a1dc9c701.jpg","[可租]","【给密码】贵8❤199皮肤30页铭文❤星空梦想海洋全史诗限定","王者荣耀/安卓系统/QQ账号",552,null,"2.8",10,3,"立即租用/预约",0,1005,"王者荣耀全皮肤框"),
(null,"zuhao/5b56a1dc9c701.jpg","[可租]","【给密码】贵8❤199皮肤30页铭文❤星空梦想海洋全史诗限定","王者荣耀/安卓系统/QQ账号",552,null,"2.8",10,3,"立即租用/预约",0,1005,"王者荣耀全皮肤框"),
(null,"zuhao/5b56a1dc9c701.jpg","[可租]","【给密码】贵8❤199皮肤30页铭文❤星空梦想海洋全史诗限定","王者荣耀/安卓系统/QQ账号",552,null,"2.8",10,3,"立即租用/预约",0,1005,"王者荣耀全皮肤框"),
(null,"zuhao/5b56a1dc9c701.jpg","[可租]","【给密码】贵8❤199皮肤30页铭文❤星空梦想海洋全史诗限定","王者荣耀/安卓系统/QQ账号",552,null,"2.8",10,3,"立即租用/预约",0,1005,"王者荣耀全皮肤框"),
(null,"zuhao/5b56a1dc9c701.jpg","[可租]","【给密码】贵8❤199皮肤30页铭文❤星空梦想海洋全史诗限定","王者荣耀/安卓系统/QQ账号",552,null,"2.8",10,3,"立即租用/预约",0,1005,"王者荣耀全皮肤框"),
(null,"zuhao/5b56a1dc9c701.jpg","[可租]","【给密码】贵8❤199皮肤30页铭文❤星空梦想海洋全史诗限定","王者荣耀/安卓系统/QQ账号",552,null,"2.8",10,3,"立即租用/预约",0,1005,"王者荣耀全皮肤框"),
(null,"zuhao/58d63db871d62_2.jpg","[可租]","1050皮丨全年限丨龙瞎丨摄魂vn恐惧諾手丨金靴瞎丨新泳池套","英雄联盟/电信/黑色玫瑰",939,null,"4.9",3,1,"立即租用/预约",0,1002,"英雄联盟全皮肤lol框"),
(null,"zuhao/58d63db871d62_2.jpg","[可租]","1050皮丨全年限丨龙瞎丨摄魂vn恐惧諾手丨金靴瞎丨新泳池套","英雄联盟/电信/黑色玫瑰",939,null,"4.9",3,1,"立即租用/预约",0,1002,"英雄联盟全皮肤lol框"),
(null,"zuhao/58d63db871d62_2.jpg","[可租]","1050皮丨全年限丨龙瞎丨摄魂vn恐惧諾手丨金靴瞎丨新泳池套","英雄联盟/电信/黑色玫瑰",939,null,"4.9",3,1,"立即租用/预约",0,1002,"英雄联盟全皮肤lol框"),
(null,"zuhao/5b56a1dc9c701.jpg","[可租]","【给密码】贵8❤199皮肤30页铭文❤星空梦想海洋全史诗限定","王者荣耀/安卓系统/QQ账号",552,null,"2.8",10,3,"立即租用/预约",0,1005,"王者荣耀全皮肤框"),
(null,"zuhao/5b56a1dc9c701.jpg","[可租]","【给密码】贵8❤199皮肤30页铭文❤星空梦想海洋全史诗限定","王者荣耀/安卓系统/QQ账号",552,null,"2.8",10,3,"立即租用/预约",0,1005,"王者荣耀全皮肤框"),
(null,"zuhao/5b56a1dc9c701.jpg","[可租]","【给密码】贵8❤199皮肤30页铭文❤星空梦想海洋全史诗限定","王者荣耀/安卓系统/QQ账号",552,null,"2.8",10,3,"立即租用/预约",0,1005,"王者荣耀全皮肤框"),
(null,"zuhao/5b56a1dc9c701.jpg","[可租]","【给密码】贵8❤199皮肤30页铭文❤星空梦想海洋全史诗限定","王者荣耀/安卓系统/QQ账号",552,null,"2.8",10,3,"立即租用/预约",0,1005,"王者荣耀全皮肤框"),
(null,"zuhao/5b56a1dc9c701.jpg","[可租]","【给密码】贵8❤199皮肤30页铭文❤星空梦想海洋全史诗限定","王者荣耀/安卓系统/QQ账号",552,null,"2.8",10,3,"立即租用/预约",0,1005,"王者荣耀全皮肤框"),
(null,"zuhao/5b56a1dc9c701.jpg","[可租]","【给密码】贵8❤199皮肤30页铭文❤星空梦想海洋全史诗限定","王者荣耀/安卓系统/QQ账号",552,null,"2.8",10,3,"立即租用/预约",0,1005,"王者荣耀全皮肤框"),
(null,"zuhao/5b56a1dc9c701.jpg","[可租]","【给密码】贵8❤199皮肤30页铭文❤星空梦想海洋全史诗限定","王者荣耀/安卓系统/QQ账号",552,null,"2.8",10,3,"立即租用/预约",0,1005,"王者荣耀全皮肤框");



-- #修改1005数据
-- UPDATE zhw_game_account SET game_rent = '[可租]' WHERE game_family_id = 1005;
-- UPDATE zhw_game_account SET game_describe = '【给密码】贵8❤199皮肤30页铭文❤星空梦想海洋全史诗限定' WHERE game_family_id = 1005;
-- UPDATE zhw_game_account SET game_server = '王者荣耀/安卓系统/QQ账号 ' WHERE game_family_id = 1005;
-- UPDATE zhw_game_account SET game_number = '961' WHERE game_family_id = 1005;
-- UPDATE zhw_game_account SET game_brand = 'null' WHERE game_family_id = 1005;
-- UPDATE zhw_game_account SET game_prices = '4.8' WHERE game_family_id = 1005;
-- UPDATE zhw_game_account SET game_starting = '5' WHERE game_family_id = 1005;
-- UPDATE zhw_game_account SET game_come = '立即租用/预约' 0,WHERE game_family_id = 1005;
-- UPDATE zhw_game_account SET game_family_id = '1005' WHERE game_family_id = 1005;

/*每一个商品的所有图片
	商品详情页图片*/
DROP TABLE IF EXISTS zhw_game_gallery;
CREATE TABLE zhw_game_gallery(
	gallery_id INT PRIMARY KEY AUTO_INCREMENT,#图片集id
	game_id INT,   #游戏账号id
	game_sm VARCHAR(128),#游戏账号图片  	小图
	game_md VARCHAR(128),#游戏账号图片	中图
	game_lg VARCHAR(128)#游戏账号图片	
);
INSERT INTO zhw_game_gallery VALUES
(1,4,"zuhao/58d63db871d62_2.jpg","zuhao/58d63db871d62_2.jpg","zuhao/58d63db871d62_2.jpg"),
(null,4,"zuhao/5bc31dbd164cd.png","zuhao/5bc31dbd164cd.png","zuhao/5bc31dbd164cd.png"),
(null,4,"zuhao/5b95e8a240eb2.png","zuhao/5b95e8a240eb2.png","zuhao/5b95e8a240eb2.png"),
(null,4,"zuhao/5bc07e122a176.png","zuhao/5bc07e122a176.png","zuhao/5bc07e122a176.png"),
(null,4,"zuhao/5bc31dbe6452f.png","zuhao/5bc31dbe6452f.png","zuhao/5bc31dbe6452f.png"),
(null,4,"zuhao/5b98be35ccb90.png","zuhao/5b98be35ccb90.png","zuhao/5b98be35ccb90.png"),
(null,1,"zuhao/58eb65cc7987b.jpg","zuhao/58eb65cc7987b.jpg","zuhao/58eb65cc7987b.jpg"),
(null,1,"zuhao/5b5ecf88214c4.png","zuhao/5b5ecf88214c4.png","zuhao/5b5ecf88214c4.png"),
(null,1,"zuhao/5b597177db11f.jpg","zuhao/5b597177db11f.jpg","zuhao/5b597177db11f.jpg"),
(null,3,"zuhao/5b56a1dc9c701.jpg","zuhao/5b56a1dc9c701.jpg","zuhao/5b56a1dc9c701.jpg"),
(null,3,"zuhao/5b7dff5074494__1080-2160.png","zuhao/5b7dff5074494__1080-2160.png","zuhao/5b7dff5074494__1080-2160.png"),
(null,3,"zuhao/5bca8770380fa__2160-1080.png","zuhao/5bca8770380fa__2160-1080.png","zuhao/5bca8770380fa__2160-1080.png"),
(null,3,"zuhao/5bc0b410dd054__2160-1080.png","zuhao/5bc0b410dd054__2160-1080.png","zuhao/5bc0b410dd054__2160-1080.png"),
(null,3,"zuhao/5bc0b410ab13f__2160-1080.png","zuhao/5bc0b410ab13f__2160-1080.png","zuhao/5bc0b410ab13f__2160-1080.png"),
(null,3,"zuhao/5bc0b4102a66d__2160-1080.png","zuhao/5bc0b4102a66d__2160-1080.png","zuhao/5bc0b4102a66d__2160-1080.png"),
(null,2,"zuhao/5b56a1192a62b.jpg","zuhao/5b56a1192a62b.jpg","zuhao/5b56a1192a62b.jpg"),
(null,2,"zuhao/5bbb7e7bebb27.png","zuhao/5bbb7e7bebb27.png","zuhao/5bbb7e7bebb27.png"),
(null,2,"zuhao/5bbb7e7698636.png","zuhao/5bbb7e7698636.png","zuhao/5bbb7e7698636.png"),
(null,2,"zuhao/5bbb7e70b1cec.png","zuhao/5bbb7e70b1cec.png","zuhao/5bbb7e70b1cec.png"),
(null,2,"zuhao/5bbb7e6aa14e1.png","zuhao/5bbb7e6aa14e1.png","zuhao/5bbb7e6aa14e1.png"),
(null,2,"zuhao/5bbb7e619b0ef.png","zuhao/5bbb7e619b0ef.png","zuhao/5bbb7e619b0ef.png"),
(null,5,"zuhao/58eb65cc7987b.jpg","zuhao/58eb65cc7987b.jpg","zuhao/58eb65cc7987b.jpg"),
(null,5,"zuhao/5b5ecf88214c4.png","zuhao/5b5ecf88214c4.png","zuhao/5b5ecf88214c4.png"),
(null,5,"zuhao/5b597177db11f.jpg","zuhao/5b597177db11f.jpg","zuhao/5b597177db11f.jpg"),
(null,6,"zuhao/58d63db871d62_2.jpg","zuhao/58d63db871d62_2.jpg","zuhao/58d63db871d62_2.jpg"),
(null,6,"zuhao/5bc31dbd164cd.png","zuhao/5bc31dbd164cd.png","zuhao/5bc31dbd164cd.png"),
(null,6,"zuhao/5b95e8a240eb2.png","zuhao/5b95e8a240eb2.png","zuhao/5b95e8a240eb2.png"),
(null,6,"zuhao/5bc07e122a176.png","zuhao/5bc07e122a176.png","zuhao/5bc07e122a176.png"),
(null,6,"zuhao/5bc31dbe6452f.png","zuhao/5bc31dbe6452f.png","zuhao/5bc31dbe6452f.png"),
(null,6,"zuhao/5b98be35ccb90.png","zuhao/5b98be35ccb90.png","zuhao/5b98be35ccb90.png"),
(null,7,"zuhao/5b56a1dc9c701.jpg","zuhao/5b56a1dc9c701.jpg","zuhao/5b56a1dc9c701.jpg"),
(null,7,"zuhao/5b7dff5074494__1080-2160.png","zuhao/5b7dff5074494__1080-2160.png","zuhao/5b7dff5074494__1080-2160.png"),
(null,7,"zuhao/5bca8770380fa__2160-1080.png","zuhao/5bca8770380fa__2160-1080.png","zuhao/5bca8770380fa__2160-1080.png"),
(null,7,"zuhao/5bc0b410dd054__2160-1080.png","zuhao/5bc0b410dd054__2160-1080.png","zuhao/5bc0b410dd054__2160-1080.png"),
(null,7,"zuhao/5bc0b410ab13f__2160-1080.png","zuhao/5bc0b410ab13f__2160-1080.png","zuhao/5bc0b410ab13f__2160-1080.png"),
(null,7,"zuhao/5bc0b4102a66d__2160-1080.png","zuhao/5bc0b4102a66d__2160-1080.png","zuhao/5bc0b4102a66d__2160-1080.png"),
(null,8,"zuhao/58eb65cc7987b.jpg","zuhao/58eb65cc7987b.jpg","zuhao/58eb65cc7987b.jpg"),
(null,8,"zuhao/5b5ecf88214c4.png","zuhao/5b5ecf88214c4.png","zuhao/5b5ecf88214c4.png"),
(null,8,"zuhao/5b597177db11f.jpg","zuhao/5b597177db11f.jpg","zuhao/5b597177db11f.jpg"),
(null,9,"zuhao/58eb65cc7987b.jpg","zuhao/58eb65cc7987b.jpg","zuhao/58eb65cc7987b.jpg"),
(null,9,"zuhao/5b5ecf88214c4.png","zuhao/5b5ecf88214c4.png","zuhao/5b5ecf88214c4.png"),
(null,9,"zuhao/5b597177db11f.jpg","zuhao/5b597177db11f.jpg","zuhao/5b597177db11f.jpg"),
(null,10,"zuhao/58d63db871d62_2.jpg","zuhao/58d63db871d62_2.jpg","zuhao/58d63db871d62_2.jpg"),
(null,10,"zuhao/5bc31dbd164cd.png","zuhao/5bc31dbd164cd.png","zuhao/5bc31dbd164cd.png"),
(null,10,"zuhao/5b95e8a240eb2.png","zuhao/5b95e8a240eb2.png","zuhao/5b95e8a240eb2.png"),
(null,10,"zuhao/5bc07e122a176.png","zuhao/5bc07e122a176.png","zuhao/5bc07e122a176.png"),
(null,10,"zuhao/5bc31dbe6452f.png","zuhao/5bc31dbe6452f.png","zuhao/5bc31dbe6452f.png"),
(null,10,"zuhao/5b98be35ccb90.png","zuhao/5b98be35ccb90.png","zuhao/5b98be35ccb90.png");

#租金情况表
DROP TABLE IF EXISTS zhw_game_details;
CREATE TABLE zhw_game_details(
	details_id INT PRIMARY KEY AUTO_INCREMENT,
	game_id INT,
	game_family_id INT,
	details_name VARCHAR(128),#账号名称
	adds INT,#累计次数
	duration INT,#共计多少小时
	server VARCHAR(128),#大区
	hour Decimal(10,2),#时租
	day Decimal(10,2),#日
	morning Decimal(10,2),#包早
	night Decimal(10,2),#包夜
	hours Decimal(10,2),#10小时
	week Decimal(10,2),#周租
	hire INT,#押金
	game_name VARCHAR(128)
); 
INSERT INTO zhw_game_details VALUES
(1,1,1003,"绝地求生☆包天包夜10小时最低价★到时不下线 ★吃鸡",173,180,"绝地求生/全区/全服","1.20","7.70","3.40","4.70","5.70","28.70",1,"ace8122"),
(null,2,1001,"370V160全王，全交易所，炫金毁灭，雷神/7幻兽，雅典娜",963,1137,"穿越火线/电信区/江苏一区 ","2.20","29.60","6.50","10.70","19.10","147.20",5,"晚秋的尘封"),
(null,3,1005,"【给密码】贵8❤199皮肤30页铭文❤星空梦想海洋全史诗限定",1803,2113,"王者荣耀/安卓系统/QQ账号","12.00","200.00","30.00","45.00","90.20","700.20",10,"夜太美"),
(null,4,1002,"1050皮丨全年限丨龙瞎丨摄魂vn恐惧諾手丨金靴瞎丨新泳池套",120,215,"英雄联盟/电信/黑色玫瑰","4.80","85.20","20.20","36.20","43.20","499.20",3,"不能开口的再见"),
(null,5,1003,"绝地求生☆包天包夜10小时最低价★到时不下线 ★吃鸡",173,180,"绝地求生/全区/全服","1.20","7.70","3.40","4.70","5.70","28.70",1,"都是什么鬼"),
(null,6,1002,"1050皮丨全年限丨龙瞎丨摄魂vn恐惧諾手丨金靴瞎丨新泳池套",120,215,"英雄联盟/电信/黑色玫瑰","4.80","85.20","20.20","36.20","43.20","499.20",3,"我就呵呵呵"),
(null,7,1005,"【给密码】贵8❤199皮肤30页铭文❤星空梦想海洋全史诗限定",1803,2113,"王者荣耀/安卓系统/QQ账号","12.00","200.00","30.00","45.00","90.20","700.20",10,"草莓丶"),
(null,8,1003,"绝地求生☆包天包夜10小时最低价★到时不下线 ★吃鸡",173,180,"绝地求生/全区/全服","1.20","7.70","3.40","4.70","5.70","28.70",1,"那就这样吧"),
(null,9,1003,"绝地求生☆包天包夜10小时最低价★到时不下线 ★吃鸡",173,180,"绝地求生/全区/全服","1.20","7.70","3.40","4.70","5.70","28.70",1,"ctes98985"),
(null,10,1002,"1050皮丨全年限丨龙瞎丨摄魂vn恐惧諾手丨金靴瞎丨新泳池套",120,215,"英雄联盟/电信/黑色玫瑰","4.80","85.20","20.20","36.20","43.20","499.20",3,"国服第一李白");

